name,type,path
Secp256k1,Module,Secp256k1.md
Secp256k1.P,Constant,Secp256k1.md#constant-P
Secp256k1.N,Constant,Secp256k1.md#constant-N
Secp256k1.HALF_N,Constant,Secp256k1.md#constant-HALF_N
Secp256k1.GX,Constant,Secp256k1.md#constant-GX
Secp256k1.GY,Constant,Secp256k1.md#constant-GY
Secp256k1.P_PLUS1_DIV4,Constant,Secp256k1.md#constant-P_PLUS1_DIV4
Secp256k1.MASK_256,Constant,Secp256k1.md#constant-MASK_256
Secp256k1.JP_INFINITY,Constant,Secp256k1.md#constant-JP_INFINITY
Secp256k1.WNAF_CACHE_MAX,Constant,Secp256k1.md#constant-WNAF_CACHE_MAX
Secp256k1.WNAF_TABLE_CACHE,Constant,Secp256k1.md#constant-WNAF_TABLE_CACHE
Secp256k1.VERSION,Constant,Secp256k1.md#constant-VERSION
Secp256k1.allow_pure_ruby_ct!,Method,Secp256k1.md#method-c-allow_pure_ruby_ct-21
Secp256k1.bytes_to_int,Method,Secp256k1.md#method-c-bytes_to_int
Secp256k1.fadd,Method,Secp256k1.md#method-c-fadd
Secp256k1.finv,Method,Secp256k1.md#method-c-finv
Secp256k1.fmul,Method,Secp256k1.md#method-c-fmul
Secp256k1.fneg,Method,Secp256k1.md#method-c-fneg
Secp256k1.fred,Method,Secp256k1.md#method-c-fred
Secp256k1.fsqr,Method,Secp256k1.md#method-c-fsqr
Secp256k1.fsqrt,Method,Secp256k1.md#method-c-fsqrt
Secp256k1.fsub,Method,Secp256k1.md#method-c-fsub
Secp256k1.int_to_bytes,Method,Secp256k1.md#method-c-int_to_bytes
Secp256k1.jp_add,Method,Secp256k1.md#method-c-jp_add
Secp256k1.jp_double,Method,Secp256k1.md#method-c-jp_double
Secp256k1.jp_neg,Method,Secp256k1.md#method-c-jp_neg
Secp256k1.jp_to_affine,Method,Secp256k1.md#method-c-jp_to_affine
Secp256k1.native?,Method,Secp256k1.md#method-c-native-3F
Secp256k1.pure_ruby_ct_allowed?,Method,Secp256k1.md#method-c-pure_ruby_ct_allowed-3F
Secp256k1.scalar_add,Method,Secp256k1.md#method-c-scalar_add
Secp256k1.scalar_inv,Method,Secp256k1.md#method-c-scalar_inv
Secp256k1.scalar_mod,Method,Secp256k1.md#method-c-scalar_mod
Secp256k1.scalar_mul,Method,Secp256k1.md#method-c-scalar_mul
Secp256k1::InsecureOperationError,Class,Secp256k1/InsecureOperationError.md
Secp256k1::Point,Class,Secp256k1/Point.md
Secp256k1::Point.==,Method,Secp256k1/Point.md#method-i--3D-3D
Secp256k1::Point.add,Method,Secp256k1/Point.md#method-i-add
Secp256k1::Point.hash,Method,Secp256k1/Point.md#method-i-hash
Secp256k1::Point.infinity?,Method,Secp256k1/Point.md#method-i-infinity-3F
Secp256k1::Point.initialize,Method,Secp256k1/Point.md#method-i-initialize
Secp256k1::Point.mul,Method,Secp256k1/Point.md#method-i-mul
Secp256k1::Point.mul_vt,Method,Secp256k1/Point.md#method-i-mul_vt
Secp256k1::Point.negate,Method,Secp256k1/Point.md#method-i-negate
Secp256k1::Point.on_curve?,Method,Secp256k1/Point.md#method-i-on_curve-3F
Secp256k1::Point.to_octet_string,Method,Secp256k1/Point.md#method-i-to_octet_string
Secp256k1::Point.from_bytes,Method,Secp256k1/Point.md#method-c-from_bytes
Secp256k1::Point.generator,Method,Secp256k1/Point.md#method-c-generator
Secp256k1::Point.infinity,Method,Secp256k1/Point.md#method-c-infinity
Secp256k1::Point.x,Attribute,Secp256k1/Point.md#attribute-i-x
Secp256k1::Point.y,Attribute,Secp256k1/Point.md#attribute-i-y
